{
    "GaussianNB": {
        "Seed_10": 0.6031,
        "Seed_100": 0.6031,
        "Seed_1000": 0.6031,
        "Seed_5000": 0.6031,
        "Seed_10000": 0.6031,
        "Seed_20000": 0.6031,
        "Seed_50000": 0.6031,
        "Seed_100000": 0.6031,
        "Seed_200000": 0.6031,
        "Seed_500000": 0.6031
    },
    "DecisionTree": {
        "Seed_10": 0.9648,
        "Seed_100": 0.96425,
        "Seed_1000": 0.9648,
        "Seed_5000": 0.96445,
        "Seed_10000": 0.9642,
        "Seed_20000": 0.96465,
        "Seed_50000": 0.9644,
        "Seed_100000": 0.9633,
        "Seed_200000": 0.96315,
        "Seed_500000": 0.96435
    },
    "RandomForest": {
        "Seed_10": 0.97875,
        "Seed_100": 0.9787,
        "Seed_1000": 0.9785,
        "Seed_5000": 0.9788,
        "Seed_10000": 0.97845,
        "Seed_20000": 0.97825,
        "Seed_50000": 0.97835,
        "Seed_100000": 0.97875,
        "Seed_200000": 0.97855,
        "Seed_500000": 0.97835
    },
    "LogisticRegression": {
        "Seed_10": 0.593,
        "Seed_100": 0.593,
        "Seed_1000": 0.593,
        "Seed_5000": 0.593,
        "Seed_10000": 0.593,
        "Seed_20000": 0.593,
        "Seed_50000": 0.593,
        "Seed_100000": 0.593,
        "Seed_200000": 0.593,
        "Seed_500000": 0.593
    },
    "AdaBoost": {
        "Seed_10": 0.6548,
        "Seed_100": 0.6548,
        "Seed_1000": 0.6548,
        "Seed_5000": 0.6548,
        "Seed_10000": 0.6548,
        "Seed_20000": 0.6548,
        "Seed_50000": 0.6548,
        "Seed_100000": 0.6548,
        "Seed_200000": 0.6548,
        "Seed_500000": 0.6548
    },
    "KNeighbors": {
        "Seed_10": 0.70205,
        "Seed_100": 0.70205,
        "Seed_1000": 0.70205,
        "Seed_5000": 0.70205,
        "Seed_10000": 0.70205,
        "Seed_20000": 0.70205,
        "Seed_50000": 0.70205,
        "Seed_100000": 0.70205,
        "Seed_200000": 0.70205,
        "Seed_500000": 0.70205
    },
    "GradientBoosting": {
        "Seed_10": 0.97665,
        "Seed_100": 0.9766,
        "Seed_1000": 0.97665,
        "Seed_5000": 0.97665,
        "Seed_10000": 0.97665,
        "Seed_20000": 0.97665,
        "Seed_50000": 0.97665,
        "Seed_100000": 0.97665,
        "Seed_200000": 0.97665,
        "Seed_500000": 0.9766
    }
}