{
    "GaussianNB": {
        "Seed_42": 0.6031,
        "Seed_56": 0.6031,
        "Seed_78": 0.6031,
        "Seed_91": 0.6031,
        "Seed_123": 0.6031,
        "Seed_135": 0.6031,
        "Seed_157": 0.6031,
        "Seed_178": 0.6031,
        "Seed_199": 0.6031,
        "Seed_210": 0.6031
    },
    "DecisionTree": {
        "Seed_42": 0.9639,
        "Seed_56": 0.96385,
        "Seed_78": 0.9637,
        "Seed_91": 0.9639,
        "Seed_123": 0.9639,
        "Seed_135": 0.96395,
        "Seed_157": 0.9641,
        "Seed_178": 0.96315,
        "Seed_199": 0.9636,
        "Seed_210": 0.9647
    },
    "RandomForest": {
        "Seed_42": 0.9786,
        "Seed_56": 0.979,
        "Seed_78": 0.97845,
        "Seed_91": 0.9791,
        "Seed_123": 0.9788,
        "Seed_135": 0.97855,
        "Seed_157": 0.9785,
        "Seed_178": 0.97895,
        "Seed_199": 0.979,
        "Seed_210": 0.9792
    },
    "LogisticRegression": {
        "Seed_42": 0.593,
        "Seed_56": 0.593,
        "Seed_78": 0.593,
        "Seed_91": 0.593,
        "Seed_123": 0.593,
        "Seed_135": 0.593,
        "Seed_157": 0.593,
        "Seed_178": 0.593,
        "Seed_199": 0.593,
        "Seed_210": 0.593
    },
    "AdaBoost": {
        "Seed_42": 0.6548,
        "Seed_56": 0.6548,
        "Seed_78": 0.6548,
        "Seed_91": 0.6548,
        "Seed_123": 0.6548,
        "Seed_135": 0.6548,
        "Seed_157": 0.6548,
        "Seed_178": 0.6548,
        "Seed_199": 0.6548,
        "Seed_210": 0.6548
    },
    "KNeighbors": {
        "Seed_42": 0.70205,
        "Seed_56": 0.70205,
        "Seed_78": 0.70205,
        "Seed_91": 0.70205,
        "Seed_123": 0.70205,
        "Seed_135": 0.70205,
        "Seed_157": 0.70205,
        "Seed_178": 0.70205,
        "Seed_199": 0.70205,
        "Seed_210": 0.70205
    },
    "GradientBoosting": {
        "Seed_42": 0.97665,
        "Seed_56": 0.97665,
        "Seed_78": 0.97665,
        "Seed_91": 0.9766,
        "Seed_123": 0.97665,
        "Seed_135": 0.97665,
        "Seed_157": 0.97665,
        "Seed_178": 0.97665,
        "Seed_199": 0.97665,
        "Seed_210": 0.97665
    }
}